{"vm_videos":"{\"7378356de48faa89b1992c0bc1d8036c\":{\"file\":\"D:\\\\Virtual C\\\\Teacher_behavior_dataset\\\\All_videos\\\\Primary_school\\\\Chinese\\\\Chinese_2.mp4\",\"tags\":[],\"folder\":\"\",\"add\":1740214547522,\"clips\":{\"1740214577019\":{\"start\":12.21,\"end\":18.88,\"tags\":[\"Interact with students\",\"Among students\"]},\"1740214621609\":{\"start\":118.94,\"end\":123.57,\"tags\":[\"Display teaching AIDS\",\"On the podium\"]},\"1740214853306\":{\"start\":480.9,\"end\":486.66,\"tags\":[\"Interact with students\",\"On the podium\"]},\"1740214907344\":{\"start\":746.66,\"end\":758.02,\"tags\":[\"Multimedia teaching\",\"On the podium\"]},\"1740214925380\":{\"start\":758.02,\"end\":773.26,\"tags\":[\"Multimedia teaching\",\"On the podium\"]},\"1740214983189\":{\"start\":997.7,\"end\":1001.09,\"tags\":[\"Interact with students\",\"On the podium\"]},\"1740215025597\":{\"start\":1108.25,\"end\":1117.69,\"tags\":[\"Interact with students\",\"On the podium\"]},\"1740215046534\":{\"start\":1164.99,\"end\":1174.33,\"tags\":[\"Interact with students\",\"Among students\"]},\"1740215087771\":{\"start\":1264.97,\"end\":1269.58,\"tags\":[\"Interact with students\",\"On the podium\"]},\"1740215118553\":{\"start\":1404.39,\"end\":1407.9,\"tags\":[\"Interact with students\",\"On the podium\"]},\"1740215147002\":{\"start\":1497.61,\"end\":1505.18,\"tags\":[\"Interact with students\",\"On the podium\"]},\"1740215230524\":{\"start\":2047.06,\"end\":2064.28,\"tags\":[\"Interact with students\",\"On the podium\"]},\"1740215253338\":{\"start\":2068.7,\"end\":2096.83,\"tags\":[\"Interact with students\",\"On the podium\"]},\"1740215270858\":{\"start\":2096.83,\"end\":2119.08,\"tags\":[\"Interact with students\",\"On the podium\"]},\"1740215299484\":{\"start\":2120.1,\"end\":2150.97,\"tags\":[\"Interact with students\",\"On the podium\"]},\"1740215314285\":{\"start\":2150.97,\"end\":2166.03,\"tags\":[\"Interact with students\",\"On the podium\"]},\"1740215336566\":{\"start\":2166.03,\"end\":2189,\"tags\":[\"Interact with students\",\"On the podium\"]},\"1740215356365\":{\"start\":2207.15,\"end\":2218.82,\"tags\":[\"Give a lecture\",\"On the podium\"]}},\"last\":1740214551455,\"meta\":{\"width\":1920,\"height\":1080,\"duration\":2229.352,\"size\":534426803}}}","vm_tags":"{\"groups\":{\"Teacher_behavior\":[\"Write on the blackboard\",\"Display teaching AIDS\",\"Point to the podium\",\"Patrol the classroom\",\"Clean the blackboard\",\"Multimedia teaching\",\"Interact with students\",\"Control multimedia\",\"Give a lecture\",\"Make a bow\"],\"Teacher position\":[\"On the podium\",\"Among students\",\"Behind the classroom\"]}}","vm_hotkeys":"{\"1\":{\"content\":\"g_player.addTime(-1)\",\"title\":\"倒退1秒\",\"type\":1},\"2\":{\"content\":\"g_player.addTime(5)\",\"title\":\"快进5秒\",\"type\":1},\"f5\":{\"title\":\"刷新\",\"content\":\"ipc_send('reload')\",\"type\":2},\"f12\":{\"title\":\"开发者工具\",\"content\":\"ipc_send('devtool')\",\"type\":2},\"ctrl+keyf\":{\"title\":\"搜索\",\"content\":\"doAction(null, 'modal_search')\",\"type\":2},\"f11\":{\"title\":\"全屏\",\"content\":\"toggleFullScreen()\",\"type\":2},\"alt+digit1\":{\"title\":\"设置起点\",\"content\":\"g_video.setStart()\",\"type\":2},\"alt+digit2\":{\"title\":\"设置终点\",\"content\":\"g_video.setEnd()\",\"type\":2},\"alt+digit3\":{\"title\":\"输入标签\",\"content\":\"loadTab('tags');inputFocus($('#input_tag')[0]);\",\"type\":2},\"alt+digit4\":{\"title\":\"添加裁剪\",\"content\":\"doAction(null, 'addPos')\",\"type\":2},\"alt+backquote\":{\"title\":\"编辑备注\",\"content\":\"inputFocus($('#clip_note')[0])\",\"type\":2},\"arrowleft\":{\"title\":\"倒退5秒\",\"content\":\"g_player.addTime(-5)\",\"type\":1},\"ctrl+arrowleft\":{\"title\":\"倒退3秒\",\"content\":\"g_player.addTime(-3)\",\"type\":1},\"ctrl+arrowright\":{\"title\":\"快进3秒\",\"content\":\"g_player.addTime(3)\",\"type\":1},\"shift+arrowleft\":{\"title\":\"倒退10秒\",\"content\":\"g_player.addTime(-10)\",\"type\":1},\"shift+arrowright\":{\"title\":\"快进10秒\",\"content\":\"g_player.addTime(10)\",\"type\":1},\"ctrl+shift+arrowleft\":{\"title\":\"倒退5%\",\"content\":\"g_player.addTime('5%')\",\"type\":1},\"ctrl+shift+arrowright\":{\"title\":\"快进5%\",\"content\":\"g_player.addTime('5%')\",\"type\":1},\"space\":{\"title\":\"播放/暂停\",\"content\":\"if(!$('.modal.show').length) g_player.playVideo()\",\"type\":1},\"arrowup\":{\"content\":\"g_player.addTime(1)\",\"title\":\"快进1秒\",\"type\":1}}","vm_config":"{\"tags_rent\":[\"On the podium\",\"Give a lecture\",\"Interact with students\",\"Among students\",\"Multimedia teaching\",\"Display teaching AIDS\",\"Make a bow\",\"Point to the podium\"],\"previewMs_clip\":500,\"previewMs_search\":2000,\"lastCheckUpdate\":1740204567737,\"lastFolder\":\"未分组\",\"lastVideo\":\"7378356de48faa89b1992c0bc1d8036c\",\"last\":{\"4c36d903942dbb626279d8f67b75c580\":1731334763594,\"0c9eccf1d4ea3d4bf96feb4f9b01be3a\":1732275771963,\"9f6b8c8939328c54a5bb6e39e82dcd81\":1731738394942,\"e812a3bd9ebb7e6da7ff4e55f934dd1b\":1731586734195,\"dad1f65597920ab579c532b9d328d404\":1731738537473,\"09500c8a6b56e2f18c04c72dea1cb851\":1731666166132,\"77f2bee2aafc41eebb43d0382bd3bde7\":1732616022801,\"01caddd96fa8f31962b435e332880fca\":1732610880932,\"b296b76bb27d53b9d7c6a44e3e4e5dc9\":1732610888612,\"010ec0707870274c7bc2983a45c3d7f0\":1732616137256,\"18d4b2bdd4907f64211dad90ff8827a8\":1733303692324,\"3105aa77b98bb9b650383c20f6a79e4f\":1732616128116,\"76843e775b12c9527becb7091228dbce\":1732616132814,\"aecaf10eb961995643e2c977d224beb8\":1732616501387,\"82d5be7b2414318cd55a9390541b5fee\":1732703371857,\"a7999ff92bfedc3bff9bc27113b97020\":1732686408156,\"71253d7e69f94bb8a7c4a85f1ce3de19\":1734328418477,\"de8dba93213e855aacbb2d088ba2b4b1\":1734327205195,\"29c648fe2cfea694e64e60af90c8a3c0\":1734327206027,\"c01179786b5b5ad295eab7aa7de8973c\":1734327206488},\"customCmd\":\"\",\"textColor\":false,\"folder_style\":\"text\",\"darkTheme\":false,\"enable_customCmd\":false}","vm__videos":"{\"pos1\":-1,\"pos2\":-1,\"inited\":true,\"cache\":{},\"key\":\"71253d7e69f94bb8a7c4a85f1ce3de19\",\"data\":{\"file\":\"D:\\\\Teacher_behavior_dataset\\\\All_videos\\\\High_school\\\\Math\\\\Math_69.mp4\",\"tags\":[],\"folder\":\"High_school\",\"add\":1732610837529,\"clips\":{},\"last\":1734328418477,\"meta\":{\"width\":1920,\"height\":1080,\"duration\":2671.234,\"size\":259474898}}}"}