video_file,clip_id,start,end,action,location,object
Teacher_behavior_dataset\All_videos\Primary_school\Chinese\Chinese_2.mp4,1740214577019,12.21,18.88,Interact with students,Among students,students
Teacher_behavior_dataset\All_videos\Primary_school\Chinese\Chinese_2.mp4,1740214621609,118.94,123.57,Display teaching AIDS,On the podium,teaching AIDS
Teacher_behavior_dataset\All_videos\Primary_school\Chinese\Chinese_2.mp4,1740214853306,480.9,486.66,Interact with students,On the podium,students
Teacher_behavior_dataset\All_videos\Primary_school\Chinese\Chinese_2.mp4,1740214907344,746.66,758.02,Multimedia teaching,On the podium,Multimedia
Teacher_behavior_dataset\All_videos\Primary_school\Chinese\Chinese_2.mp4,1740214925380,758.02,773.26,Multimedia teaching,On the podium,Multimedia
Teacher_behavior_dataset\All_videos\Primary_school\Chinese\Chinese_2.mp4,1740214983189,997.7,1001.09,Interact with students,On the podium,students
Teacher_behavior_dataset\All_videos\Primary_school\Chinese\Chinese_2.mp4,1740215025597,1108.25,1117.69,Interact with students,On the podium,students
Teacher_behavior_dataset\All_videos\Primary_school\Chinese\Chinese_2.mp4,1740215046534,1164.99,1174.33,Interact with students,Among students,students
Teacher_behavior_dataset\All_videos\Primary_school\Chinese\Chinese_2.mp4,1740215087771,1264.97,1269.58,Interact with students,On the podium,students
Teacher_behavior_dataset\All_videos\Primary_school\Chinese\Chinese_2.mp4,1740215118553,1404.39,1407.9,Interact with students,On the podium,students
Teacher_behavior_dataset\All_videos\Primary_school\Chinese\Chinese_2.mp4,1740215147002,1497.61,1505.18,Interact with students,On the podium,students
Teacher_behavior_dataset\All_videos\Primary_school\Chinese\Chinese_2.mp4,1740215230524,2047.06,2064.28,Interact with students,On the podium,students
Teacher_behavior_dataset\All_videos\Primary_school\Chinese\Chinese_2.mp4,1740215336566,2166.03,2189,Interact with students,On the podium,students
Teacher_behavior_dataset\All_videos\Primary_school\Chinese\Chinese_2.mp4,1740215356365,2207.15,2218.82,Give a lecture,On the podium,students
